Model,StratifiedKFold_Mean,StratifiedKFold_Std,StratifiedKFold_5_Mean,StratifiedKFold_5_Std,StratifiedKFold_3_Mean,StratifiedKFold_3_Std,Bootstrap_Mean,Bootstrap_Std
GradientBoosting,0.9329451660487889,0.006973379813524701,0.9319098305103969,0.00297741005892863,0.9309581320988229,0.005010494404573156,0.9310636363610935,0.004118937291395694
RandomForest,0.9333667078579804,0.008916438946754762,0.9314583592234469,0.005360816694253868,0.9296352957909798,0.004512517355727181,0.9301135006795144,0.003995511930143077
AdaBoost,0.9239643152396987,0.0071550069524963025,0.9241184276389671,0.0031406204444947355,0.9211850339878849,0.005971654253297763,0.9225591384922676,0.004548529077144271
