Model,Robustness_Score
GradientBoosting,0.005546158552460197
AdaBoost,0.005851768014820287
RandomForest,0.00645597543844892
